accession,accession_base,sequence_length,molecule_type,topology,deposited_name,accepted_name,found_via_name,marker_raw,marker_normalized,marker_category,normalization_status,geo_loc_name,country,locality,lat_lon,collection_date,collected_by,identified_by,voucher_raw,voucher_present,isolate,strain,clone,isolation_source,source_note,db_xref,reference_title,reference_journal,reference_authors,name_relationship,reconciliation_status
PP693932.1,PP693932,442,DNA,linear,Dipolydora coeca,Polydora caeca,Polydora caeca,large subunit ribosomal RNA,,ribosomal_RNA,AMBIGUOUS,South Korea,,,,22-Oct-2013,"V.I. Radashevsky, J.-W. Choi",V.I. Radashevsky,,False,18238,,,,,taxon:3137898,New alien shell-boring annelids Polydora websteri and Polydora caeca invading farmed and wild molluscs in the Mediterranean Sea,Unpublished,"Mikac,B., Radashevsky,V.I., Fossi,E., Pankova,V., Colangelo,M.A., Prioli,G., Abbiati,M. and Costantini,F.",UNRESOLVED_NAME,UNRESOLVED
PP693931.1,PP693931,444,DNA,linear,Dipolydora coeca,Polydora caeca,Polydora caeca,large subunit ribosomal RNA,,ribosomal_RNA,AMBIGUOUS,South Korea,,,,30-Apr-2013,"V.I. Radashevsky, J.-W. Choi",V.I. Radashevsky,,False,17999.3,,,,,taxon:3137898,New alien shell-boring annelids Polydora websteri and Polydora caeca invading farmed and wild molluscs in the Mediterranean Sea,Unpublished,"Mikac,B., Radashevsky,V.I., Fossi,E., Pankova,V., Colangelo,M.A., Prioli,G., Abbiati,M. and Costantini,F.",UNRESOLVED_NAME,UNRESOLVED
PP693930.1,PP693930,444,DNA,linear,Dipolydora coeca,Polydora caeca,Polydora caeca,large subunit ribosomal RNA,,ribosomal_RNA,AMBIGUOUS,South Korea,,,,30-Apr-2013,"V.I. Radashevsky, J.-W. Choi",V.I. Radashevsky,,False,17999.2,,,,,taxon:3137898,New alien shell-boring annelids Polydora websteri and Polydora caeca invading farmed and wild molluscs in the Mediterranean Sea,Unpublished,"Mikac,B., Radashevsky,V.I., Fossi,E., Pankova,V., Colangelo,M.A., Prioli,G., Abbiati,M. and Costantini,F.",UNRESOLVED_NAME,UNRESOLVED
PP693929.1,PP693929,444,DNA,linear,Dipolydora coeca,Polydora caeca,Polydora caeca,large subunit ribosomal RNA,,ribosomal_RNA,AMBIGUOUS,South Korea,,,,30-Apr-2013,"V.I. Radashevsky, J.-W. Choi",V.I. Radashevsky,,False,17999.1,,,,,taxon:3137898,New alien shell-boring annelids Polydora websteri and Polydora caeca invading farmed and wild molluscs in the Mediterranean Sea,Unpublished,"Mikac,B., Radashevsky,V.I., Fossi,E., Pankova,V., Colangelo,M.A., Prioli,G., Abbiati,M. and Costantini,F.",UNRESOLVED_NAME,UNRESOLVED
PP683286.1,PP683286,1134,DNA,linear,Dipolydora coeca,Polydora caeca,Polydora caeca,COX1,COI,mitochondrial_protein_coding,NORMALIZED,South Korea,,,,22-Oct-2013,"V.I. Radashevsky, J.-W. Choi",V.I. Radashevsky,,False,18238,,,,,taxon:3137898,New alien shell-boring annelids Polydora websteri and Polydora caeca invading farmed and wild molluscs in the Mediterranean Sea,Unpublished,"Mikac,B., Radashevsky,V.I., Fossi,E., Pankova,V., Colangelo,M.A., Prioli,G., Abbiati,M. and Costantini,F.",UNRESOLVED_NAME,UNRESOLVED
PP683285.1,PP683285,1134,DNA,linear,Dipolydora coeca,Polydora caeca,Polydora caeca,COX1,COI,mitochondrial_protein_coding,NORMALIZED,South Korea,,,,30-Apr-2013,"V.I. Radashevsky, J.-W. Choi",V.I. Radashevsky,,False,17999.3,,,,,taxon:3137898,New alien shell-boring annelids Polydora websteri and Polydora caeca invading farmed and wild molluscs in the Mediterranean Sea,Unpublished,"Mikac,B., Radashevsky,V.I., Fossi,E., Pankova,V., Colangelo,M.A., Prioli,G., Abbiati,M. and Costantini,F.",UNRESOLVED_NAME,UNRESOLVED
PP683284.1,PP683284,1134,DNA,linear,Dipolydora coeca,Polydora caeca,Polydora caeca,COX1,COI,mitochondrial_protein_coding,NORMALIZED,South Korea,,,,30-Apr-2013,"V.I. Radashevsky, J.-W. Choi",V.I. Radashevsky,,False,17999.2,,,,,taxon:3137898,New alien shell-boring annelids Polydora websteri and Polydora caeca invading farmed and wild molluscs in the Mediterranean Sea,Unpublished,"Mikac,B., Radashevsky,V.I., Fossi,E., Pankova,V., Colangelo,M.A., Prioli,G., Abbiati,M. and Costantini,F.",UNRESOLVED_NAME,UNRESOLVED
PP683283.1,PP683283,1134,DNA,linear,Dipolydora coeca,Polydora caeca,Polydora caeca,COX1,COI,mitochondrial_protein_coding,NORMALIZED,South Korea,,,,30-Apr-2013,"V.I. Radashevsky, J.-W. Choi",V.I. Radashevsky,,False,17999.1,,,,,taxon:3137898,New alien shell-boring annelids Polydora websteri and Polydora caeca invading farmed and wild molluscs in the Mediterranean Sea,Unpublished,"Mikac,B., Radashevsky,V.I., Fossi,E., Pankova,V., Colangelo,M.A., Prioli,G., Abbiati,M. and Costantini,F.",UNRESOLVED_NAME,UNRESOLVED
PP683267.1,PP683267,298,DNA,linear,Dipolydora coeca,Polydora caeca,Polydora caeca,large subunit ribosomal RNA,,ribosomal_RNA,AMBIGUOUS,South Korea,,,,22-Oct-2013,"V.I. Radashevsky, J.-W. Choi",V.I. Radashevsky,,False,18238,,,,,taxon:3137898,New alien shell-boring annelids Polydora websteri and Polydora caeca invading farmed and wild molluscs in the Mediterranean Sea,Unpublished,"Mikac,B., Radashevsky,V.I., Fossi,E., Pankova,V., Colangelo,M.A., Prioli,G., Abbiati,M. and Costantini,F.",UNRESOLVED_NAME,UNRESOLVED
PP683266.1,PP683266,298,DNA,linear,Dipolydora coeca,Polydora caeca,Polydora caeca,large subunit ribosomal RNA,,ribosomal_RNA,AMBIGUOUS,South Korea,,,,30-Apr-2013,"V.I. Radashevsky, J.-W. Choi",V.I. Radashevsky,,False,17999.3,,,,,taxon:3137898,New alien shell-boring annelids Polydora websteri and Polydora caeca invading farmed and wild molluscs in the Mediterranean Sea,Unpublished,"Mikac,B., Radashevsky,V.I., Fossi,E., Pankova,V., Colangelo,M.A., Prioli,G., Abbiati,M. and Costantini,F.",UNRESOLVED_NAME,UNRESOLVED
PP683265.1,PP683265,298,DNA,linear,Dipolydora coeca,Polydora caeca,Polydora caeca,large subunit ribosomal RNA,,ribosomal_RNA,AMBIGUOUS,South Korea,,,,30-Apr-2013,"V.I. Radashevsky, J.-W. Choi",V.I. Radashevsky,,False,17999.2,,,,,taxon:3137898,New alien shell-boring annelids Polydora websteri and Polydora caeca invading farmed and wild molluscs in the Mediterranean Sea,Unpublished,"Mikac,B., Radashevsky,V.I., Fossi,E., Pankova,V., Colangelo,M.A., Prioli,G., Abbiati,M. and Costantini,F.",UNRESOLVED_NAME,UNRESOLVED
PP683264.1,PP683264,298,DNA,linear,Dipolydora coeca,Polydora caeca,Polydora caeca,large subunit ribosomal RNA,,ribosomal_RNA,AMBIGUOUS,South Korea,,,,30-Apr-2013,"V.I. Radashevsky, J.-W. Choi",V.I. Radashevsky,,False,17999.1,,,,,taxon:3137898,New alien shell-boring annelids Polydora websteri and Polydora caeca invading farmed and wild molluscs in the Mediterranean Sea,Unpublished,"Mikac,B., Radashevsky,V.I., Fossi,E., Pankova,V., Colangelo,M.A., Prioli,G., Abbiati,M. and Costantini,F.",UNRESOLVED_NAME,UNRESOLVED
PP683200.1,PP683200,1307,DNA,linear,Dipolydora coeca,Polydora caeca,Polydora caeca,small subunit ribosomal RNA,,ribosomal_RNA,AMBIGUOUS,South Korea,,,,30-Apr-2013,"V.I. Radashevsky, J.-W. Choi",V.I. Radashevsky,,False,17999.3,,,,,taxon:3137898,New alien shell-boring annelids Polydora websteri and Polydora caeca invading farmed and wild molluscs in the Mediterranean Sea,Unpublished,"Mikac,B., Radashevsky,V.I., Fossi,E., Pankova,V., Colangelo,M.A., Prioli,G., Abbiati,M. and Costantini,F.",UNRESOLVED_NAME,UNRESOLVED
PP683199.1,PP683199,1786,DNA,linear,Dipolydora coeca,Polydora caeca,Polydora caeca,small subunit ribosomal RNA,,ribosomal_RNA,AMBIGUOUS,South Korea,,,,30-Apr-2013,"V.I. Radashevsky, J.-W. Choi",V.I. Radashevsky,,False,17999.2,,,,,taxon:3137898,New alien shell-boring annelids Polydora websteri and Polydora caeca invading farmed and wild molluscs in the Mediterranean Sea,Unpublished,"Mikac,B., Radashevsky,V.I., Fossi,E., Pankova,V., Colangelo,M.A., Prioli,G., Abbiati,M. and Costantini,F.",UNRESOLVED_NAME,UNRESOLVED
PP683198.1,PP683198,1785,DNA,linear,Dipolydora coeca,Polydora caeca,Polydora caeca,small subunit ribosomal RNA,,ribosomal_RNA,AMBIGUOUS,South Korea,,,,30-Apr-2013,"V.I. Radashevsky, J.-W. Choi",V.I. Radashevsky,,False,17999.1,,,,,taxon:3137898,New alien shell-boring annelids Polydora websteri and Polydora caeca invading farmed and wild molluscs in the Mediterranean Sea,Unpublished,"Mikac,B., Radashevsky,V.I., Fossi,E., Pankova,V., Colangelo,M.A., Prioli,G., Abbiati,M. and Costantini,F.",UNRESOLVED_NAME,UNRESOLVED
PZ842129.1,PZ842129,17702,DNA,linear,Polydora neocaeca,Polydora caeca,Polydora neocaeca,UNVERIFIED: Polydora neocaeca isolate Pone mitochondrion sequence,,unknown,UNRESOLVED,not applicable,,,,May-2026,,,,False,Pone,,,,,taxon:2668088,Direct Submission,"Submitted (12-AUG-2026) Earth systems and environmental sciences, Chonnam National University, 77, Yongbong-ro, Buk-gu, Gwangju 61186, South Korea","Choi,H., Jayaweera,J. and Hong,H.-K.",WORMS_SYNONYM,RECONCILED_NOMENCLATURALLY
PZ353399.1,PZ353399,414,DNA,linear,Polydora neocaeca,Polydora caeca,Polydora neocaeca,COX1,COI,mitochondrial_protein_coding,NORMALIZED,South Korea: Tongyeong,,,,2025,,,,False,24TG_SC,,,,,taxon:2668088,"Species composition, seasonal dynamics, and reproductive biology of shell-boring polychaetes infesting cultured bay scallops in Korea",Unpublished,"Jayaweera,J.M.K.D.B. and Hong,H.-K.",WORMS_SYNONYM,RECONCILED_NOMENCLATURALLY
PZ353398.1,PZ353398,405,DNA,linear,Polydora neocaeca,Polydora caeca,Polydora neocaeca,COX1,COI,mitochondrial_protein_coding,NORMALIZED,South Korea: Tongyeong,,,,2025,,,,False,22TG_SC,,,,,taxon:2668088,"Species composition, seasonal dynamics, and reproductive biology of shell-boring polychaetes infesting cultured bay scallops in Korea",Unpublished,"Jayaweera,J.M.K.D.B. and Hong,H.-K.",WORMS_SYNONYM,RECONCILED_NOMENCLATURALLY
PZ353397.1,PZ353397,414,DNA,linear,Polydora neocaeca,Polydora caeca,Polydora neocaeca,COX1,COI,mitochondrial_protein_coding,NORMALIZED,South Korea: Tongyeong,,,,2025,,,,False,21TG_SC,,,,,taxon:2668088,"Species composition, seasonal dynamics, and reproductive biology of shell-boring polychaetes infesting cultured bay scallops in Korea",Unpublished,"Jayaweera,J.M.K.D.B. and Hong,H.-K.",WORMS_SYNONYM,RECONCILED_NOMENCLATURALLY
PZ353396.1,PZ353396,414,DNA,linear,Polydora neocaeca,Polydora caeca,Polydora neocaeca,COX1,COI,mitochondrial_protein_coding,NORMALIZED,South Korea: Tongyeong,,,,2025,,,,False,15TG_SC,,,,,taxon:2668088,"Species composition, seasonal dynamics, and reproductive biology of shell-boring polychaetes infesting cultured bay scallops in Korea",Unpublished,"Jayaweera,J.M.K.D.B. and Hong,H.-K.",WORMS_SYNONYM,RECONCILED_NOMENCLATURALLY
PZ353395.1,PZ353395,384,DNA,linear,Polydora neocaeca,Polydora caeca,Polydora neocaeca,COX1,COI,mitochondrial_protein_coding,NORMALIZED,South Korea: Tongyeong,,,,2025,,,,False,14TG_SC,,,,,taxon:2668088,"Species composition, seasonal dynamics, and reproductive biology of shell-boring polychaetes infesting cultured bay scallops in Korea",Unpublished,"Jayaweera,J.M.K.D.B. and Hong,H.-K.",WORMS_SYNONYM,RECONCILED_NOMENCLATURALLY
PZ353394.1,PZ353394,414,DNA,linear,Polydora neocaeca,Polydora caeca,Polydora neocaeca,COX1,COI,mitochondrial_protein_coding,NORMALIZED,South Korea: Tongyeong,,,,2025,,,,False,13TG_SC,,,,,taxon:2668088,"Species composition, seasonal dynamics, and reproductive biology of shell-boring polychaetes infesting cultured bay scallops in Korea",Unpublished,"Jayaweera,J.M.K.D.B. and Hong,H.-K.",WORMS_SYNONYM,RECONCILED_NOMENCLATURALLY
PZ353393.1,PZ353393,414,DNA,linear,Polydora neocaeca,Polydora caeca,Polydora neocaeca,COX1,COI,mitochondrial_protein_coding,NORMALIZED,South Korea: Tongyeong,,,,2025,,,,False,12TG_SC,,,,,taxon:2668088,"Species composition, seasonal dynamics, and reproductive biology of shell-boring polychaetes infesting cultured bay scallops in Korea",Unpublished,"Jayaweera,J.M.K.D.B. and Hong,H.-K.",WORMS_SYNONYM,RECONCILED_NOMENCLATURALLY
PZ353392.1,PZ353392,408,DNA,linear,Polydora neocaeca,Polydora caeca,Polydora neocaeca,COX1,COI,mitochondrial_protein_coding,NORMALIZED,South Korea: Tongyeong,,,,2025,,,,False,11TG_SC,,,,,taxon:2668088,"Species composition, seasonal dynamics, and reproductive biology of shell-boring polychaetes infesting cultured bay scallops in Korea",Unpublished,"Jayaweera,J.M.K.D.B. and Hong,H.-K.",WORMS_SYNONYM,RECONCILED_NOMENCLATURALLY
PZ353391.1,PZ353391,396,DNA,linear,Polydora neocaeca,Polydora caeca,Polydora neocaeca,COX1,COI,mitochondrial_protein_coding,NORMALIZED,South Korea: Tongyeong,,,,2025,,,,False,10TG_SC,,,,,taxon:2668088,"Species composition, seasonal dynamics, and reproductive biology of shell-boring polychaetes infesting cultured bay scallops in Korea",Unpublished,"Jayaweera,J.M.K.D.B. and Hong,H.-K.",WORMS_SYNONYM,RECONCILED_NOMENCLATURALLY
PZ353390.1,PZ353390,390,DNA,linear,Polydora neocaeca,Polydora caeca,Polydora neocaeca,COX1,COI,mitochondrial_protein_coding,NORMALIZED,South Korea: Tongyeong,,,,2025,,,,False,09TG_SC,,,,,taxon:2668088,"Species composition, seasonal dynamics, and reproductive biology of shell-boring polychaetes infesting cultured bay scallops in Korea",Unpublished,"Jayaweera,J.M.K.D.B. and Hong,H.-K.",WORMS_SYNONYM,RECONCILED_NOMENCLATURALLY
PZ353389.1,PZ353389,396,DNA,linear,Polydora neocaeca,Polydora caeca,Polydora neocaeca,COX1,COI,mitochondrial_protein_coding,NORMALIZED,South Korea: Tongyeong,,,,2025,,,,False,08TG_SC,,,,,taxon:2668088,"Species composition, seasonal dynamics, and reproductive biology of shell-boring polychaetes infesting cultured bay scallops in Korea",Unpublished,"Jayaweera,J.M.K.D.B. and Hong,H.-K.",WORMS_SYNONYM,RECONCILED_NOMENCLATURALLY
PZ353388.1,PZ353388,415,DNA,linear,Polydora neocaeca,Polydora caeca,Polydora neocaeca,COX1,COI,mitochondrial_protein_coding,NORMALIZED,South Korea: Tongyeong,,,,2025,,,,False,07TG_SC,,,,,taxon:2668088,"Species composition, seasonal dynamics, and reproductive biology of shell-boring polychaetes infesting cultured bay scallops in Korea",Unpublished,"Jayaweera,J.M.K.D.B. and Hong,H.-K.",WORMS_SYNONYM,RECONCILED_NOMENCLATURALLY
PZ353385.1,PZ353385,414,DNA,linear,Polydora neocaeca,Polydora caeca,Polydora neocaeca,COX1,COI,mitochondrial_protein_coding,NORMALIZED,South Korea: Tongyeong,,,,2025,,,,False,03TG_SC,,,,,taxon:2668088,"Species composition, seasonal dynamics, and reproductive biology of shell-boring polychaetes infesting cultured bay scallops in Korea",Unpublished,"Jayaweera,J.M.K.D.B. and Hong,H.-K.",WORMS_SYNONYM,RECONCILED_NOMENCLATURALLY
PZ353384.1,PZ353384,410,DNA,linear,Polydora neocaeca,Polydora caeca,Polydora neocaeca,COX1,COI,mitochondrial_protein_coding,NORMALIZED,South Korea: Tongyeong,,,,2025,,,,False,02TG_SC,,,,,taxon:2668088,"Species composition, seasonal dynamics, and reproductive biology of shell-boring polychaetes infesting cultured bay scallops in Korea",Unpublished,"Jayaweera,J.M.K.D.B. and Hong,H.-K.",WORMS_SYNONYM,RECONCILED_NOMENCLATURALLY
PZ353383.1,PZ353383,410,DNA,linear,Polydora neocaeca,Polydora caeca,Polydora neocaeca,COX1,COI,mitochondrial_protein_coding,NORMALIZED,South Korea: Tongyeong,,,,2025,,,,False,01TG_SC,,,,,taxon:2668088,"Species composition, seasonal dynamics, and reproductive biology of shell-boring polychaetes infesting cultured bay scallops in Korea",Unpublished,"Jayaweera,J.M.K.D.B. and Hong,H.-K.",WORMS_SYNONYM,RECONCILED_NOMENCLATURALLY
PZ353051.1,PZ353051,439,DNA,linear,Polydora neocaeca,Polydora caeca,Polydora neocaeca,large subunit ribosomal RNA,,ribosomal_RNA,AMBIGUOUS,South Korea: Tongyeong,,,,2025,,,,False,24TG_SC,,,,,taxon:2668088,"Species composition, seasonal dynamics, and reproductive biology of shell-boring polychaetes infesting cultured bay scallops in Korea",Unpublished,"Jayaweera,J.M.K.D.B. and Hong,H.-K.",WORMS_SYNONYM,RECONCILED_NOMENCLATURALLY
PZ353050.1,PZ353050,456,DNA,linear,Polydora neocaeca,Polydora caeca,Polydora neocaeca,large subunit ribosomal RNA,,ribosomal_RNA,AMBIGUOUS,South Korea: Tongyeong,,,,2025,,,,False,22TG_SC,,,,,taxon:2668088,"Species composition, seasonal dynamics, and reproductive biology of shell-boring polychaetes infesting cultured bay scallops in Korea",Unpublished,"Jayaweera,J.M.K.D.B. and Hong,H.-K.",WORMS_SYNONYM,RECONCILED_NOMENCLATURALLY
PZ353049.1,PZ353049,450,DNA,linear,Polydora neocaeca,Polydora caeca,Polydora neocaeca,large subunit ribosomal RNA,,ribosomal_RNA,AMBIGUOUS,South Korea: Tongyeong,,,,2025,,,,False,21TG_SC,,,,,taxon:2668088,"Species composition, seasonal dynamics, and reproductive biology of shell-boring polychaetes infesting cultured bay scallops in Korea",Unpublished,"Jayaweera,J.M.K.D.B. and Hong,H.-K.",WORMS_SYNONYM,RECONCILED_NOMENCLATURALLY
PZ353048.1,PZ353048,451,DNA,linear,Polydora neocaeca,Polydora caeca,Polydora neocaeca,large subunit ribosomal RNA,,ribosomal_RNA,AMBIGUOUS,South Korea: Tongyeong,,,,2025,,,,False,15TG_SC,,,,,taxon:2668088,"Species composition, seasonal dynamics, and reproductive biology of shell-boring polychaetes infesting cultured bay scallops in Korea",Unpublished,"Jayaweera,J.M.K.D.B. and Hong,H.-K.",WORMS_SYNONYM,RECONCILED_NOMENCLATURALLY
PZ353047.1,PZ353047,454,DNA,linear,Polydora neocaeca,Polydora caeca,Polydora neocaeca,large subunit ribosomal RNA,,ribosomal_RNA,AMBIGUOUS,South Korea: Tongyeong,,,,2025,,,,False,14TG_SC,,,,,taxon:2668088,"Species composition, seasonal dynamics, and reproductive biology of shell-boring polychaetes infesting cultured bay scallops in Korea",Unpublished,"Jayaweera,J.M.K.D.B. and Hong,H.-K.",WORMS_SYNONYM,RECONCILED_NOMENCLATURALLY
PZ353046.1,PZ353046,452,DNA,linear,Polydora neocaeca,Polydora caeca,Polydora neocaeca,large subunit ribosomal RNA,,ribosomal_RNA,AMBIGUOUS,South Korea: Tongyeong,,,,2025,,,,False,13TG_SC,,,,,taxon:2668088,"Species composition, seasonal dynamics, and reproductive biology of shell-boring polychaetes infesting cultured bay scallops in Korea",Unpublished,"Jayaweera,J.M.K.D.B. and Hong,H.-K.",WORMS_SYNONYM,RECONCILED_NOMENCLATURALLY
PZ353045.1,PZ353045,443,DNA,linear,Polydora neocaeca,Polydora caeca,Polydora neocaeca,large subunit ribosomal RNA,,ribosomal_RNA,AMBIGUOUS,South Korea: Tongyeong,,,,2025,,,,False,12TG_SC,,,,,taxon:2668088,"Species composition, seasonal dynamics, and reproductive biology of shell-boring polychaetes infesting cultured bay scallops in Korea",Unpublished,"Jayaweera,J.M.K.D.B. and Hong,H.-K.",WORMS_SYNONYM,RECONCILED_NOMENCLATURALLY
PZ353044.1,PZ353044,454,DNA,linear,Polydora neocaeca,Polydora caeca,Polydora neocaeca,large subunit ribosomal RNA,,ribosomal_RNA,AMBIGUOUS,South Korea: Tongyeong,,,,2025,,,,False,11TG_SC,,,,,taxon:2668088,"Species composition, seasonal dynamics, and reproductive biology of shell-boring polychaetes infesting cultured bay scallops in Korea",Unpublished,"Jayaweera,J.M.K.D.B. and Hong,H.-K.",WORMS_SYNONYM,RECONCILED_NOMENCLATURALLY
PZ353043.1,PZ353043,449,DNA,linear,Polydora neocaeca,Polydora caeca,Polydora neocaeca,large subunit ribosomal RNA,,ribosomal_RNA,AMBIGUOUS,South Korea: Tongyeong,,,,2025,,,,False,10TG_SC,,,,,taxon:2668088,"Species composition, seasonal dynamics, and reproductive biology of shell-boring polychaetes infesting cultured bay scallops in Korea",Unpublished,"Jayaweera,J.M.K.D.B. and Hong,H.-K.",WORMS_SYNONYM,RECONCILED_NOMENCLATURALLY
PZ353042.1,PZ353042,452,DNA,linear,Polydora neocaeca,Polydora caeca,Polydora neocaeca,large subunit ribosomal RNA,,ribosomal_RNA,AMBIGUOUS,South Korea: Tongyeong,,,,2025,,,,False,09TG_SC,,,,,taxon:2668088,"Species composition, seasonal dynamics, and reproductive biology of shell-boring polychaetes infesting cultured bay scallops in Korea",Unpublished,"Jayaweera,J.M.K.D.B. and Hong,H.-K.",WORMS_SYNONYM,RECONCILED_NOMENCLATURALLY
PZ353041.1,PZ353041,454,DNA,linear,Polydora neocaeca,Polydora caeca,Polydora neocaeca,large subunit ribosomal RNA,,ribosomal_RNA,AMBIGUOUS,South Korea: Tongyeong,,,,2025,,,,False,08TG_SC,,,,,taxon:2668088,"Species composition, seasonal dynamics, and reproductive biology of shell-boring polychaetes infesting cultured bay scallops in Korea",Unpublished,"Jayaweera,J.M.K.D.B. and Hong,H.-K.",WORMS_SYNONYM,RECONCILED_NOMENCLATURALLY
PZ353040.1,PZ353040,454,DNA,linear,Polydora neocaeca,Polydora caeca,Polydora neocaeca,large subunit ribosomal RNA,,ribosomal_RNA,AMBIGUOUS,South Korea: Tongyeong,,,,2025,,,,False,07TG_SC,,,,,taxon:2668088,"Species composition, seasonal dynamics, and reproductive biology of shell-boring polychaetes infesting cultured bay scallops in Korea",Unpublished,"Jayaweera,J.M.K.D.B. and Hong,H.-K.",WORMS_SYNONYM,RECONCILED_NOMENCLATURALLY
PZ353037.1,PZ353037,454,DNA,linear,Polydora neocaeca,Polydora caeca,Polydora neocaeca,large subunit ribosomal RNA,,ribosomal_RNA,AMBIGUOUS,South Korea: Tongyeong,,,,2025,,,,False,03TG_SC,,,,,taxon:2668088,"Species composition, seasonal dynamics, and reproductive biology of shell-boring polychaetes infesting cultured bay scallops in Korea",Unpublished,"Jayaweera,J.M.K.D.B. and Hong,H.-K.",WORMS_SYNONYM,RECONCILED_NOMENCLATURALLY
PZ353036.1,PZ353036,437,DNA,linear,Polydora neocaeca,Polydora caeca,Polydora neocaeca,large subunit ribosomal RNA,,ribosomal_RNA,AMBIGUOUS,South Korea: Tongyeong,,,,2025,,,,False,02TG_SC,,,,,taxon:2668088,"Species composition, seasonal dynamics, and reproductive biology of shell-boring polychaetes infesting cultured bay scallops in Korea",Unpublished,"Jayaweera,J.M.K.D.B. and Hong,H.-K.",WORMS_SYNONYM,RECONCILED_NOMENCLATURALLY
PZ353035.1,PZ353035,442,DNA,linear,Polydora neocaeca,Polydora caeca,Polydora neocaeca,large subunit ribosomal RNA,,ribosomal_RNA,AMBIGUOUS,South Korea: Tongyeong,,,,2025,,,,False,01TG_SC,,,,,taxon:2668088,"Species composition, seasonal dynamics, and reproductive biology of shell-boring polychaetes infesting cultured bay scallops in Korea",Unpublished,"Jayaweera,J.M.K.D.B. and Hong,H.-K.",WORMS_SYNONYM,RECONCILED_NOMENCLATURALLY
PZ353031.1,PZ353031,506,DNA,linear,Polydora neocaeca,Polydora caeca,Polydora neocaeca,small subunit ribosomal RNA,,ribosomal_RNA,AMBIGUOUS,South Korea: Tongyeong,,,,2025,,,,False,24TG_SC,,,,,taxon:2668088,"Species composition, seasonal dynamics, and reproductive biology of shell-boring polychaetes infesting cultured bay scallops in Korea",Unpublished,"Jayaweera,J.M.K.D.B. and Hong,H.-K.",WORMS_SYNONYM,RECONCILED_NOMENCLATURALLY
PZ353030.1,PZ353030,510,DNA,linear,Polydora neocaeca,Polydora caeca,Polydora neocaeca,small subunit ribosomal RNA,,ribosomal_RNA,AMBIGUOUS,South Korea: Tongyeong,,,,2025,,,,False,22TG_SC,,,,,taxon:2668088,"Species composition, seasonal dynamics, and reproductive biology of shell-boring polychaetes infesting cultured bay scallops in Korea",Unpublished,"Jayaweera,J.M.K.D.B. and Hong,H.-K.",WORMS_SYNONYM,RECONCILED_NOMENCLATURALLY
PZ353029.1,PZ353029,511,DNA,linear,Polydora neocaeca,Polydora caeca,Polydora neocaeca,small subunit ribosomal RNA,,ribosomal_RNA,AMBIGUOUS,South Korea: Tongyeong,,,,2025,,,,False,21TG_SC,,,,,taxon:2668088,"Species composition, seasonal dynamics, and reproductive biology of shell-boring polychaetes infesting cultured bay scallops in Korea",Unpublished,"Jayaweera,J.M.K.D.B. and Hong,H.-K.",WORMS_SYNONYM,RECONCILED_NOMENCLATURALLY
PZ353028.1,PZ353028,513,DNA,linear,Polydora neocaeca,Polydora caeca,Polydora neocaeca,small subunit ribosomal RNA,,ribosomal_RNA,AMBIGUOUS,South Korea: Tongyeong,,,,2025,,,,False,15TG_SC,,,,,taxon:2668088,"Species composition, seasonal dynamics, and reproductive biology of shell-boring polychaetes infesting cultured bay scallops in Korea",Unpublished,"Jayaweera,J.M.K.D.B. and Hong,H.-K.",WORMS_SYNONYM,RECONCILED_NOMENCLATURALLY
PZ353027.1,PZ353027,517,DNA,linear,Polydora neocaeca,Polydora caeca,Polydora neocaeca,small subunit ribosomal RNA,,ribosomal_RNA,AMBIGUOUS,South Korea: Tongyeong,,,,2025,,,,False,14TG_SC,,,,,taxon:2668088,"Species composition, seasonal dynamics, and reproductive biology of shell-boring polychaetes infesting cultured bay scallops in Korea",Unpublished,"Jayaweera,J.M.K.D.B. and Hong,H.-K.",WORMS_SYNONYM,RECONCILED_NOMENCLATURALLY
PZ353026.1,PZ353026,526,DNA,linear,Polydora neocaeca,Polydora caeca,Polydora neocaeca,small subunit ribosomal RNA,,ribosomal_RNA,AMBIGUOUS,South Korea: Tongyeong,,,,2025,,,,False,13TG_SC,,,,,taxon:2668088,"Species composition, seasonal dynamics, and reproductive biology of shell-boring polychaetes infesting cultured bay scallops in Korea",Unpublished,"Jayaweera,J.M.K.D.B. and Hong,H.-K.",WORMS_SYNONYM,RECONCILED_NOMENCLATURALLY
PZ353025.1,PZ353025,515,DNA,linear,Polydora neocaeca,Polydora caeca,Polydora neocaeca,small subunit ribosomal RNA,,ribosomal_RNA,AMBIGUOUS,South Korea: Tongyeong,,,,2025,,,,False,12TG_SC,,,,,taxon:2668088,"Species composition, seasonal dynamics, and reproductive biology of shell-boring polychaetes infesting cultured bay scallops in Korea",Unpublished,"Jayaweera,J.M.K.D.B. and Hong,H.-K.",WORMS_SYNONYM,RECONCILED_NOMENCLATURALLY
PZ353024.1,PZ353024,514,DNA,linear,Polydora neocaeca,Polydora caeca,Polydora neocaeca,small subunit ribosomal RNA,,ribosomal_RNA,AMBIGUOUS,South Korea: Tongyeong,,,,2025,,,,False,11TG_SC,,,,,taxon:2668088,"Species composition, seasonal dynamics, and reproductive biology of shell-boring polychaetes infesting cultured bay scallops in Korea",Unpublished,"Jayaweera,J.M.K.D.B. and Hong,H.-K.",WORMS_SYNONYM,RECONCILED_NOMENCLATURALLY
PZ353023.1,PZ353023,529,DNA,linear,Polydora neocaeca,Polydora caeca,Polydora neocaeca,small subunit ribosomal RNA,,ribosomal_RNA,AMBIGUOUS,South Korea: Tongyeong,,,,2025,,,,False,10TG_SC,,,,,taxon:2668088,"Species composition, seasonal dynamics, and reproductive biology of shell-boring polychaetes infesting cultured bay scallops in Korea",Unpublished,"Jayaweera,J.M.K.D.B. and Hong,H.-K.",WORMS_SYNONYM,RECONCILED_NOMENCLATURALLY
PZ353022.1,PZ353022,521,DNA,linear,Polydora neocaeca,Polydora caeca,Polydora neocaeca,small subunit ribosomal RNA,,ribosomal_RNA,AMBIGUOUS,South Korea: Tongyeong,,,,2025,,,,False,09TG_SC,,,,,taxon:2668088,"Species composition, seasonal dynamics, and reproductive biology of shell-boring polychaetes infesting cultured bay scallops in Korea",Unpublished,"Jayaweera,J.M.K.D.B. and Hong,H.-K.",WORMS_SYNONYM,RECONCILED_NOMENCLATURALLY
PZ353021.1,PZ353021,530,DNA,linear,Polydora neocaeca,Polydora caeca,Polydora neocaeca,small subunit ribosomal RNA,,ribosomal_RNA,AMBIGUOUS,South Korea: Tongyeong,,,,2025,,,,False,08TG_SC,,,,,taxon:2668088,"Species composition, seasonal dynamics, and reproductive biology of shell-boring polychaetes infesting cultured bay scallops in Korea",Unpublished,"Jayaweera,J.M.K.D.B. and Hong,H.-K.",WORMS_SYNONYM,RECONCILED_NOMENCLATURALLY
PZ353020.1,PZ353020,520,DNA,linear,Polydora neocaeca,Polydora caeca,Polydora neocaeca,small subunit ribosomal RNA,,ribosomal_RNA,AMBIGUOUS,South Korea: Tongyeong,,,,2025,,,,False,07TG_SC,,,,,taxon:2668088,"Species composition, seasonal dynamics, and reproductive biology of shell-boring polychaetes infesting cultured bay scallops in Korea",Unpublished,"Jayaweera,J.M.K.D.B. and Hong,H.-K.",WORMS_SYNONYM,RECONCILED_NOMENCLATURALLY
PZ353016.1,PZ353016,528,DNA,linear,Polydora neocaeca,Polydora caeca,Polydora neocaeca,small subunit ribosomal RNA,,ribosomal_RNA,AMBIGUOUS,South Korea: Tongyeong,,,,2025,,,,False,03TG_SC,,,,,taxon:2668088,"Species composition, seasonal dynamics, and reproductive biology of shell-boring polychaetes infesting cultured bay scallops in Korea",Unpublished,"Jayaweera,J.M.K.D.B. and Hong,H.-K.",WORMS_SYNONYM,RECONCILED_NOMENCLATURALLY
PZ353015.1,PZ353015,387,DNA,linear,Polydora neocaeca,Polydora caeca,Polydora neocaeca,small subunit ribosomal RNA,,ribosomal_RNA,AMBIGUOUS,South Korea: Tongyeong,,,,2025,,,,False,02TG_SC,,,,,taxon:2668088,"Species composition, seasonal dynamics, and reproductive biology of shell-boring polychaetes infesting cultured bay scallops in Korea",Unpublished,"Jayaweera,J.M.K.D.B. and Hong,H.-K.",WORMS_SYNONYM,RECONCILED_NOMENCLATURALLY
PZ353014.1,PZ353014,514,DNA,linear,Polydora neocaeca,Polydora caeca,Polydora neocaeca,small subunit ribosomal RNA,,ribosomal_RNA,AMBIGUOUS,South Korea: Tongyeong,,,,2025,,,,False,01TG_SC,,,,,taxon:2668088,"Species composition, seasonal dynamics, and reproductive biology of shell-boring polychaetes infesting cultured bay scallops in Korea",Unpublished,"Jayaweera,J.M.K.D.B. and Hong,H.-K.",WORMS_SYNONYM,RECONCILED_NOMENCLATURALLY
PZ353010.1,PZ353010,740,DNA,linear,Polydora neocaeca,Polydora caeca,Polydora neocaeca,large subunit ribosomal RNA,,ribosomal_RNA,AMBIGUOUS,South Korea: Tongyeong,,,,2025,,,,False,24TG_SC,,,,"PCR_primers=fwd_name: D1R, rev_name: D2C",taxon:2668088,"Species composition, seasonal dynamics, and reproductive biology of shell-boring polychaetes infesting cultured bay scallops in Korea",Unpublished,"Jayaweera,J.M.K.D.B. and Hong,H.-K.",WORMS_SYNONYM,RECONCILED_NOMENCLATURALLY
PZ353009.1,PZ353009,709,DNA,linear,Polydora neocaeca,Polydora caeca,Polydora neocaeca,large subunit ribosomal RNA,,ribosomal_RNA,AMBIGUOUS,South Korea: Tongyeong,,,,2025,,,,False,22TG_SC,,,,"PCR_primers=fwd_name: D1R, rev_name: D2C",taxon:2668088,"Species composition, seasonal dynamics, and reproductive biology of shell-boring polychaetes infesting cultured bay scallops in Korea",Unpublished,"Jayaweera,J.M.K.D.B. and Hong,H.-K.",WORMS_SYNONYM,RECONCILED_NOMENCLATURALLY
PZ353008.1,PZ353008,713,DNA,linear,Polydora neocaeca,Polydora caeca,Polydora neocaeca,large subunit ribosomal RNA,,ribosomal_RNA,AMBIGUOUS,South Korea: Tongyeong,,,,2025,,,,False,21TG_SC,,,,"PCR_primers=fwd_name: D1R, rev_name: D2C",taxon:2668088,"Species composition, seasonal dynamics, and reproductive biology of shell-boring polychaetes infesting cultured bay scallops in Korea",Unpublished,"Jayaweera,J.M.K.D.B. and Hong,H.-K.",WORMS_SYNONYM,RECONCILED_NOMENCLATURALLY
PZ353007.1,PZ353007,732,DNA,linear,Polydora neocaeca,Polydora caeca,Polydora neocaeca,large subunit ribosomal RNA,,ribosomal_RNA,AMBIGUOUS,South Korea: Tongyeong,,,,2025,,,,False,15TG_SC,,,,"PCR_primers=fwd_name: D1R, rev_name: D2C",taxon:2668088,"Species composition, seasonal dynamics, and reproductive biology of shell-boring polychaetes infesting cultured bay scallops in Korea",Unpublished,"Jayaweera,J.M.K.D.B. and Hong,H.-K.",WORMS_SYNONYM,RECONCILED_NOMENCLATURALLY
PZ353006.1,PZ353006,736,DNA,linear,Polydora neocaeca,Polydora caeca,Polydora neocaeca,large subunit ribosomal RNA,,ribosomal_RNA,AMBIGUOUS,South Korea: Tongyeong,,,,2025,,,,False,14TG_SC,,,,"PCR_primers=fwd_name: D1R, rev_name: D2C",taxon:2668088,"Species composition, seasonal dynamics, and reproductive biology of shell-boring polychaetes infesting cultured bay scallops in Korea",Unpublished,"Jayaweera,J.M.K.D.B. and Hong,H.-K.",WORMS_SYNONYM,RECONCILED_NOMENCLATURALLY
PZ353005.1,PZ353005,749,DNA,linear,Polydora neocaeca,Polydora caeca,Polydora neocaeca,large subunit ribosomal RNA,,ribosomal_RNA,AMBIGUOUS,South Korea: Tongyeong,,,,2025,,,,False,13TG_SC,,,,"PCR_primers=fwd_name: D1R, rev_name: D2C",taxon:2668088,"Species composition, seasonal dynamics, and reproductive biology of shell-boring polychaetes infesting cultured bay scallops in Korea",Unpublished,"Jayaweera,J.M.K.D.B. and Hong,H.-K.",WORMS_SYNONYM,RECONCILED_NOMENCLATURALLY
PZ353004.1,PZ353004,727,DNA,linear,Polydora neocaeca,Polydora caeca,Polydora neocaeca,large subunit ribosomal RNA,,ribosomal_RNA,AMBIGUOUS,South Korea: Tongyeong,,,,2025,,,,False,12TG_SC,,,,"PCR_primers=fwd_name: D1R, rev_name: D2C",taxon:2668088,"Species composition, seasonal dynamics, and reproductive biology of shell-boring polychaetes infesting cultured bay scallops in Korea",Unpublished,"Jayaweera,J.M.K.D.B. and Hong,H.-K.",WORMS_SYNONYM,RECONCILED_NOMENCLATURALLY
PZ353003.1,PZ353003,756,DNA,linear,Polydora neocaeca,Polydora caeca,Polydora neocaeca,large subunit ribosomal RNA,,ribosomal_RNA,AMBIGUOUS,South Korea: Tongyeong,,,,2025,,,,False,11TG_SC,,,,"PCR_primers=fwd_name: D1R, rev_name: D2C",taxon:2668088,"Species composition, seasonal dynamics, and reproductive biology of shell-boring polychaetes infesting cultured bay scallops in Korea",Unpublished,"Jayaweera,J.M.K.D.B. and Hong,H.-K.",WORMS_SYNONYM,RECONCILED_NOMENCLATURALLY
PZ353002.1,PZ353002,736,DNA,linear,Polydora neocaeca,Polydora caeca,Polydora neocaeca,large subunit ribosomal RNA,,ribosomal_RNA,AMBIGUOUS,South Korea: Tongyeong,,,,2025,,,,False,10TG_SC,,,,"PCR_primers=fwd_name: D1R, rev_name: D2C",taxon:2668088,"Species composition, seasonal dynamics, and reproductive biology of shell-boring polychaetes infesting cultured bay scallops in Korea",Unpublished,"Jayaweera,J.M.K.D.B. and Hong,H.-K.",WORMS_SYNONYM,RECONCILED_NOMENCLATURALLY
PZ353001.1,PZ353001,723,DNA,linear,Polydora neocaeca,Polydora caeca,Polydora neocaeca,large subunit ribosomal RNA,,ribosomal_RNA,AMBIGUOUS,South Korea: Tongyeong,,,,2025,,,,False,09TG_SC,,,,"PCR_primers=fwd_name: D1R, rev_name: D2C",taxon:2668088,"Species composition, seasonal dynamics, and reproductive biology of shell-boring polychaetes infesting cultured bay scallops in Korea",Unpublished,"Jayaweera,J.M.K.D.B. and Hong,H.-K.",WORMS_SYNONYM,RECONCILED_NOMENCLATURALLY
PZ353000.1,PZ353000,756,DNA,linear,Polydora neocaeca,Polydora caeca,Polydora neocaeca,large subunit ribosomal RNA,,ribosomal_RNA,AMBIGUOUS,South Korea: Tongyeong,,,,2025,,,,False,08TG_SC,,,,"PCR_primers=fwd_name: D1R, rev_name: D2C",taxon:2668088,"Species composition, seasonal dynamics, and reproductive biology of shell-boring polychaetes infesting cultured bay scallops in Korea",Unpublished,"Jayaweera,J.M.K.D.B. and Hong,H.-K.",WORMS_SYNONYM,RECONCILED_NOMENCLATURALLY
PZ352999.1,PZ352999,727,DNA,linear,Polydora neocaeca,Polydora caeca,Polydora neocaeca,large subunit ribosomal RNA,,ribosomal_RNA,AMBIGUOUS,South Korea: Tongyeong,,,,2025,,,,False,07TG_SC,,,,"PCR_primers=fwd_name: D1R, rev_name: D2C",taxon:2668088,"Species composition, seasonal dynamics, and reproductive biology of shell-boring polychaetes infesting cultured bay scallops in Korea",Unpublished,"Jayaweera,J.M.K.D.B. and Hong,H.-K.",WORMS_SYNONYM,RECONCILED_NOMENCLATURALLY
PZ352996.1,PZ352996,727,DNA,linear,Polydora neocaeca,Polydora caeca,Polydora neocaeca,large subunit ribosomal RNA,,ribosomal_RNA,AMBIGUOUS,South Korea: Tongyeong,,,,2025,,,,False,03TG_SC,,,,"PCR_primers=fwd_name: D1R, rev_name: D2C",taxon:2668088,"Species composition, seasonal dynamics, and reproductive biology of shell-boring polychaetes infesting cultured bay scallops in Korea",Unpublished,"Jayaweera,J.M.K.D.B. and Hong,H.-K.",WORMS_SYNONYM,RECONCILED_NOMENCLATURALLY
PZ352995.1,PZ352995,729,DNA,linear,Polydora neocaeca,Polydora caeca,Polydora neocaeca,large subunit ribosomal RNA,,ribosomal_RNA,AMBIGUOUS,South Korea: Tongyeong,,,,2025,,,,False,02TG_SC,,,,"PCR_primers=fwd_name: D1R, rev_name: D2C",taxon:2668088,"Species composition, seasonal dynamics, and reproductive biology of shell-boring polychaetes infesting cultured bay scallops in Korea",Unpublished,"Jayaweera,J.M.K.D.B. and Hong,H.-K.",WORMS_SYNONYM,RECONCILED_NOMENCLATURALLY
PZ352994.1,PZ352994,727,DNA,linear,Polydora neocaeca,Polydora caeca,Polydora neocaeca,large subunit ribosomal RNA,,ribosomal_RNA,AMBIGUOUS,South Korea: Tongyeong,,,,2025,,,,False,01TG_SC,,,,"PCR_primers=fwd_name: D1R, rev_name: D2C",taxon:2668088,"Species composition, seasonal dynamics, and reproductive biology of shell-boring polychaetes infesting cultured bay scallops in Korea",Unpublished,"Jayaweera,J.M.K.D.B. and Hong,H.-K.",WORMS_SYNONYM,RECONCILED_NOMENCLATURALLY
OM350389.1,OM350389,605,DNA,linear,Polydora neocaeca,Polydora caeca,Polydora neocaeca,COX1,COI,mitochondrial_protein_coding,NORMALIZED,USA: Massachusetts,,,,May-2021,Andrew David,Andrew David,,False,NK8,,,,,taxon:2668088,Infestation of wild bay scallops (Argopecten irradians) on Nantucket Island by shell-boring polydorids,Unpublished,"David,A.A.",WORMS_SYNONYM,RECONCILED_NOMENCLATURALLY
OM350388.1,OM350388,605,DNA,linear,Polydora neocaeca,Polydora caeca,Polydora neocaeca,COX1,COI,mitochondrial_protein_coding,NORMALIZED,USA: Massachusetts,,,,May-2021,Andrew David,Andrew David,,False,NK7,,,,,taxon:2668088,Infestation of wild bay scallops (Argopecten irradians) on Nantucket Island by shell-boring polydorids,Unpublished,"David,A.A.",WORMS_SYNONYM,RECONCILED_NOMENCLATURALLY
OM350387.1,OM350387,605,DNA,linear,Polydora neocaeca,Polydora caeca,Polydora neocaeca,COX1,COI,mitochondrial_protein_coding,NORMALIZED,USA: Massachusetts,,,,May-2021,Andrew David,Andrew David,,False,NK6,,,,,taxon:2668088,Infestation of wild bay scallops (Argopecten irradians) on Nantucket Island by shell-boring polydorids,Unpublished,"David,A.A.",WORMS_SYNONYM,RECONCILED_NOMENCLATURALLY
OM350386.1,OM350386,605,DNA,linear,Polydora neocaeca,Polydora caeca,Polydora neocaeca,COX1,COI,mitochondrial_protein_coding,NORMALIZED,USA: Massachusetts,,,,May-2021,Andrew David,Andrew David,,False,NK5,,,,,taxon:2668088,Infestation of wild bay scallops (Argopecten irradians) on Nantucket Island by shell-boring polydorids,Unpublished,"David,A.A.",WORMS_SYNONYM,RECONCILED_NOMENCLATURALLY
OM350385.1,OM350385,605,DNA,linear,Polydora neocaeca,Polydora caeca,Polydora neocaeca,COX1,COI,mitochondrial_protein_coding,NORMALIZED,USA: Massachusetts,,,,May-2021,Andrew David,Andrew David,,False,NK4,,,,,taxon:2668088,Infestation of wild bay scallops (Argopecten irradians) on Nantucket Island by shell-boring polydorids,Unpublished,"David,A.A.",WORMS_SYNONYM,RECONCILED_NOMENCLATURALLY
OM350384.1,OM350384,605,DNA,linear,Polydora neocaeca,Polydora caeca,Polydora neocaeca,COX1,COI,mitochondrial_protein_coding,NORMALIZED,USA: Massachusetts,,,,May-2021,Andrew David,Andrew David,,False,NK3,,,,,taxon:2668088,Infestation of wild bay scallops (Argopecten irradians) on Nantucket Island by shell-boring polydorids,Unpublished,"David,A.A.",WORMS_SYNONYM,RECONCILED_NOMENCLATURALLY
OM350383.1,OM350383,605,DNA,linear,Polydora neocaeca,Polydora caeca,Polydora neocaeca,COX1,COI,mitochondrial_protein_coding,NORMALIZED,USA: Massachusetts,,,,May-2021,Andrew David,Andrew David,,False,NK2,,,,,taxon:2668088,Infestation of wild bay scallops (Argopecten irradians) on Nantucket Island by shell-boring polydorids,Unpublished,"David,A.A.",WORMS_SYNONYM,RECONCILED_NOMENCLATURALLY
OM350382.1,OM350382,605,DNA,linear,Polydora neocaeca,Polydora caeca,Polydora neocaeca,COX1,COI,mitochondrial_protein_coding,NORMALIZED,USA: Massachusetts,,,,May-2021,Andrew David,Andrew David,,False,NK1,,,,,taxon:2668088,Infestation of wild bay scallops (Argopecten irradians) on Nantucket Island by shell-boring polydorids,Unpublished,"David,A.A.",WORMS_SYNONYM,RECONCILED_NOMENCLATURALLY
LC595744.1,LC595744,471,DNA,linear,Polydora neocaeca,Polydora caeca,Polydora neocaeca,16S ribosomal RNA,16S,mitochondrial_rRNA,NORMALIZED,Japan: Hiroshima bay,,,,2011-07,Waka Sato-Okoshi,,,False,P-18,,,Shell of Magallana gigas,,taxon:2668088,"Molecular identification and larval morphology of spionid polychaetes (Annelida, Spionidae) from northeastern Japan","Zookeys 1015, 1-86 (2021)","Abe,H. and Sato-Okoshi,W.",WORMS_SYNONYM,RECONCILED_NOMENCLATURALLY
MN605581.1,MN605581,914,DNA,linear,Polydora caeca,Polydora caeca,Polydora neocaeca,cytochrome oxidase subunit 1,COI,mitochondrial_protein_coding,NORMALIZED,USA: Port Washington,,,,Jun-2017,J.D. Williams,,,False,NY4,,,gastropod shell,,taxon:3899156,"Morphological and genetic similarities between Polydora neocaeca and Polydora hawelli from South Africa, USA and Japan",Unpublished,"Malan,A., Williams,J.D., Abe,H., Sato-Okoshi,W., Matthee,C.A. and Simon,C.A.",ACCEPTED_NAME,RECONCILED
MN605580.1,MN605580,914,DNA,linear,Polydora caeca,Polydora caeca,Polydora neocaeca,cytochrome oxidase subunit 1,COI,mitochondrial_protein_coding,NORMALIZED,USA: Rhode Island,,,,Oct-1998,J.D. Williams,,,False,NY3,,,gastropod shell,,taxon:3899156,"Morphological and genetic similarities between Polydora neocaeca and Polydora hawelli from South Africa, USA and Japan",Unpublished,"Malan,A., Williams,J.D., Abe,H., Sato-Okoshi,W., Matthee,C.A. and Simon,C.A.",ACCEPTED_NAME,RECONCILED
MN605579.1,MN605579,914,DNA,linear,Polydora caeca,Polydora caeca,Polydora neocaeca,cytochrome oxidase subunit 1,COI,mitochondrial_protein_coding,NORMALIZED,USA: Rhode Island,,,,Oct-1998,J.D. Williams,,,False,NY2,,,gastropod shell,,taxon:3899156,"Morphological and genetic similarities between Polydora neocaeca and Polydora hawelli from South Africa, USA and Japan",Unpublished,"Malan,A., Williams,J.D., Abe,H., Sato-Okoshi,W., Matthee,C.A. and Simon,C.A.",ACCEPTED_NAME,RECONCILED
MN605578.1,MN605578,914,DNA,linear,Polydora caeca,Polydora caeca,Polydora neocaeca,cytochrome oxidase subunit 1,COI,mitochondrial_protein_coding,NORMALIZED,USA: Rhode Island,,,,Oct-1998,J.D. Williams,,,False,NY1,,,gastropod shell,,taxon:3899156,"Morphological and genetic similarities between Polydora neocaeca and Polydora hawelli from South Africa, USA and Japan",Unpublished,"Malan,A., Williams,J.D., Abe,H., Sato-Okoshi,W., Matthee,C.A. and Simon,C.A.",ACCEPTED_NAME,RECONCILED
MN605577.1,MN605577,914,DNA,linear,Polydora caeca,Polydora caeca,Polydora neocaeca,cytochrome oxidase subunit 1,COI,mitochondrial_protein_coding,NORMALIZED,South Africa: Port Elizabeth,,,,Aug-2017,C.A. Simon,,,False,PE6,,,mollusc shell,,taxon:3899156,"Morphological and genetic similarities between Polydora neocaeca and Polydora hawelli from South Africa, USA and Japan",Unpublished,"Malan,A., Williams,J.D., Abe,H., Sato-Okoshi,W., Matthee,C.A. and Simon,C.A.",ACCEPTED_NAME,RECONCILED
MN605576.1,MN605576,914,DNA,linear,Polydora caeca,Polydora caeca,Polydora neocaeca,cytochrome oxidase subunit 1,COI,mitochondrial_protein_coding,NORMALIZED,South Africa: Port Elizabeth,,,,Aug-2017,C.A. Simon,,,False,PE5,,,mollusc shell,,taxon:3899156,"Morphological and genetic similarities between Polydora neocaeca and Polydora hawelli from South Africa, USA and Japan",Unpublished,"Malan,A., Williams,J.D., Abe,H., Sato-Okoshi,W., Matthee,C.A. and Simon,C.A.",ACCEPTED_NAME,RECONCILED
MN605575.1,MN605575,914,DNA,linear,Polydora caeca,Polydora caeca,Polydora neocaeca,cytochrome oxidase subunit 1,COI,mitochondrial_protein_coding,NORMALIZED,South Africa: Port Elizabeth,,,,Aug-2017,C.A. Simon,,,False,PE4,,,mollusc shell,,taxon:3899156,"Morphological and genetic similarities between Polydora neocaeca and Polydora hawelli from South Africa, USA and Japan",Unpublished,"Malan,A., Williams,J.D., Abe,H., Sato-Okoshi,W., Matthee,C.A. and Simon,C.A.",ACCEPTED_NAME,RECONCILED
MN605574.1,MN605574,914,DNA,linear,Polydora caeca,Polydora caeca,Polydora neocaeca,cytochrome oxidase subunit 1,COI,mitochondrial_protein_coding,NORMALIZED,South Africa: Port Elizabeth,,,,Aug-2017,C.A. Simon,,,False,PE3,,,mollusc shell,,taxon:3899156,"Morphological and genetic similarities between Polydora neocaeca and Polydora hawelli from South Africa, USA and Japan",Unpublished,"Malan,A., Williams,J.D., Abe,H., Sato-Okoshi,W., Matthee,C.A. and Simon,C.A.",ACCEPTED_NAME,RECONCILED
MN605573.1,MN605573,914,DNA,linear,Polydora caeca,Polydora caeca,Polydora neocaeca,cytochrome oxidase subunit 1,COI,mitochondrial_protein_coding,NORMALIZED,South Africa: Port Elizabeth,,,,Aug-2017,C.A. Simon,,,False,PE2,,,mollusc shell,,taxon:3899156,"Morphological and genetic similarities between Polydora neocaeca and Polydora hawelli from South Africa, USA and Japan",Unpublished,"Malan,A., Williams,J.D., Abe,H., Sato-Okoshi,W., Matthee,C.A. and Simon,C.A.",ACCEPTED_NAME,RECONCILED
MN605572.1,MN605572,914,DNA,linear,Polydora caeca,Polydora caeca,Polydora neocaeca,cytochrome oxidase subunit 1,COI,mitochondrial_protein_coding,NORMALIZED,South Africa: Port Elizabeth,,,,Aug-2017,C.A. Simon,,,False,PE1,,,mollusc shell,,taxon:3899156,"Morphological and genetic similarities between Polydora neocaeca and Polydora hawelli from South Africa, USA and Japan",Unpublished,"Malan,A., Williams,J.D., Abe,H., Sato-Okoshi,W., Matthee,C.A. and Simon,C.A.",ACCEPTED_NAME,RECONCILED
MN688770.1,MN688770,1743,DNA,linear,Polydora caeca,Polydora caeca,Polydora neocaeca,small subunit ribosomal RNA,,ribosomal_RNA,AMBIGUOUS,USA: Port Washington,,,,Jun-2017,J.D. Williams,,H3-57-5a,True,,,,Gastropod shell,,taxon:3899156,Shell-boring Polydora haswelli and Polydora neocaeca are a single species,Unpublished,"Malan,A., Williams,J.D., Abe,H., Sato-Okoshi,W., Matthee,C.A. and Simon,C.A.",ACCEPTED_NAME,RECONCILED
MN688769.1,MN688769,1743,DNA,linear,Polydora caeca,Polydora caeca,Polydora neocaeca,small subunit ribosomal RNA,,ribosomal_RNA,AMBIGUOUS,USA: Rhode Island,,,,Oct-1998,J.D. Williams,,P1-107,True,,,,Gastropod shell,,taxon:3899156,Shell-boring Polydora haswelli and Polydora neocaeca are a single species,Unpublished,"Malan,A., Williams,J.D., Abe,H., Sato-Okoshi,W., Matthee,C.A. and Simon,C.A.",ACCEPTED_NAME,RECONCILED
MN688768.1,MN688768,1743,DNA,linear,Polydora caeca,Polydora caeca,Polydora neocaeca,small subunit ribosomal RNA,,ribosomal_RNA,AMBIGUOUS,USA: Rhode Island,,,,Oct-1998,J.D. Williams,,P1-106,True,,,,Gastropod shell,,taxon:3899156,Shell-boring Polydora haswelli and Polydora neocaeca are a single species,Unpublished,"Malan,A., Williams,J.D., Abe,H., Sato-Okoshi,W., Matthee,C.A. and Simon,C.A.",ACCEPTED_NAME,RECONCILED
MN688767.1,MN688767,1743,DNA,linear,Polydora caeca,Polydora caeca,Polydora neocaeca,small subunit ribosomal RNA,,ribosomal_RNA,AMBIGUOUS,USA: Rhode Island,,,,Oct-1998,J.D. Williams,,P1-105,True,,,,Gastropod shell,,taxon:3899156,Shell-boring Polydora haswelli and Polydora neocaeca are a single species,Unpublished,"Malan,A., Williams,J.D., Abe,H., Sato-Okoshi,W., Matthee,C.A. and Simon,C.A.",ACCEPTED_NAME,RECONCILED
MN688766.1,MN688766,1743,DNA,linear,Polydora caeca,Polydora caeca,Polydora neocaeca,small subunit ribosomal RNA,,ribosomal_RNA,AMBIGUOUS,South Africa: False Bay,,,,Mar-2011,C. Simon,,FB01,True,,,,Mollusc shell,,taxon:3899156,Shell-boring Polydora haswelli and Polydora neocaeca are a single species,Unpublished,"Malan,A., Williams,J.D., Abe,H., Sato-Okoshi,W., Matthee,C.A. and Simon,C.A.",ACCEPTED_NAME,RECONCILED
MN688765.1,MN688765,1743,DNA,linear,Polydora caeca,Polydora caeca,Polydora neocaeca,small subunit ribosomal RNA,,ribosomal_RNA,AMBIGUOUS,South Africa: Port Elizabeth,,,,Aug-2017,C. Simon,,PE06,True,,,,Mollusc shell,,taxon:3899156,Shell-boring Polydora haswelli and Polydora neocaeca are a single species,Unpublished,"Malan,A., Williams,J.D., Abe,H., Sato-Okoshi,W., Matthee,C.A. and Simon,C.A.",ACCEPTED_NAME,RECONCILED
MN688764.1,MN688764,1743,DNA,linear,Polydora caeca,Polydora caeca,Polydora neocaeca,small subunit ribosomal RNA,,ribosomal_RNA,AMBIGUOUS,South Africa: Port Elizabeth,,,,Aug-2017,C. Simon,,PE05,True,,,,Mollusc shell,,taxon:3899156,Shell-boring Polydora haswelli and Polydora neocaeca are a single species,Unpublished,"Malan,A., Williams,J.D., Abe,H., Sato-Okoshi,W., Matthee,C.A. and Simon,C.A.",ACCEPTED_NAME,RECONCILED
MN688763.1,MN688763,1743,DNA,linear,Polydora caeca,Polydora caeca,Polydora neocaeca,small subunit ribosomal RNA,,ribosomal_RNA,AMBIGUOUS,South Africa: Port Elizabeth,,,,Aug-2017,C. Simon,,PE04,True,,,,Mollusc shell,,taxon:3899156,Shell-boring Polydora haswelli and Polydora neocaeca are a single species,Unpublished,"Malan,A., Williams,J.D., Abe,H., Sato-Okoshi,W., Matthee,C.A. and Simon,C.A.",ACCEPTED_NAME,RECONCILED
MN688762.1,MN688762,1743,DNA,linear,Polydora caeca,Polydora caeca,Polydora neocaeca,small subunit ribosomal RNA,,ribosomal_RNA,AMBIGUOUS,South Africa: Port Elizabeth,,,,Aug-2017,C. Simon,,PE03,True,,,,Mollusc shell,,taxon:3899156,Shell-boring Polydora haswelli and Polydora neocaeca are a single species,Unpublished,"Malan,A., Williams,J.D., Abe,H., Sato-Okoshi,W., Matthee,C.A. and Simon,C.A.",ACCEPTED_NAME,RECONCILED
MN688761.1,MN688761,1743,DNA,linear,Polydora caeca,Polydora caeca,Polydora neocaeca,small subunit ribosomal RNA,,ribosomal_RNA,AMBIGUOUS,South Africa: Port Elizabeth,,,,Aug-2017,C. Simon,,PE02,True,,,,Mollusc shell,,taxon:3899156,Shell-boring Polydora haswelli and Polydora neocaeca are a single species,Unpublished,"Malan,A., Williams,J.D., Abe,H., Sato-Okoshi,W., Matthee,C.A. and Simon,C.A.",ACCEPTED_NAME,RECONCILED
MN688760.1,MN688760,1743,DNA,linear,Polydora caeca,Polydora caeca,Polydora neocaeca,small subunit ribosomal RNA,,ribosomal_RNA,AMBIGUOUS,South Africa: Port Elizabeth,,,,Aug-2017,C. Simon,,PE01,True,,,,Mollusc shell,,taxon:3899156,Shell-boring Polydora haswelli and Polydora neocaeca are a single species,Unpublished,"Malan,A., Williams,J.D., Abe,H., Sato-Okoshi,W., Matthee,C.A. and Simon,C.A.",ACCEPTED_NAME,RECONCILED
